Hash_Algo,Seq_Length_n,K_Size,Collision_Count,Execution_Time_sec
FNV1A,10000,5,1024,0.053490
FNV1A,10000,6,3741,0.119070
FNV1A,10000,7,7531,0.062438
FNV1A,100000,5,1024,0.468515
FNV1A,100000,6,4096,0.639237
FNV1A,100000,7,16353,0.679268
FNV1A,1000000,5,1024,5.321170
FNV1A,1000000,6,4096,5.638697
FNV1A,1000000,7,16384,6.239923
