Hash_Algo,Seq_Length_n,K_Size,Collision_Count,Execution_Time_sec
MMH3,10000,5,9511,0.266575
MMH3,10000,6,7879,0.190834
MMH3,10000,7,6094,0.231702
MMH3,100000,5,99482,1.761112
MMH3,100000,6,97623,1.556064
MMH3,100000,7,91359,1.753336
MMH3,1000000,5,999950,14.683412
MMH3,1000000,6,998129,15.902491
MMH3,1000000,7,992879,16.090883
