Hash_Algo,Seq_Length_n,K_Size,Collision_Count,Insert_Table_Time_sec,Search_Time_sec
MMH3,10000,5,523,0.032626, 0.002373
MMH3,10000,6,1078,0.040241, 0.002870
MMH3,10000,7,1274,0.037199, 0.002565
MMH3,100000,5,458,0.296464, 0.002381
MMH3,100000,6,1609,0.324124, 0.002614
MMH3,100000,7,6457,0.393622, 0.002666
MMH3,1000000,5,987,3.513481, 0.002421
MMH3,1000000,6,2254,3.438355, 0.003324
MMH3,1000000,7,9094,3.509165, 0.002752
