Hash_Algo,Seq_Length_n,K_Size,Collision_Count,Insert_Table_Time_sec,Search_Time_sec
FNV1A,10000,5,1024,0.050430, 0.003362
FNV1A,10000,6,3723,0.054318, 0.003576
FNV1A,10000,7,7421,0.060677, 0.003776
FNV1A,100000,5,1024,0.457374, 0.003509
FNV1A,100000,6,4096,0.512648, 0.003511
FNV1A,100000,7,16350,0.604091, 0.003893
FNV1A,1000000,5,1024,5.109274, 0.003628
FNV1A,1000000,6,4096,5.644136, 0.003812
FNV1A,1000000,7,16384,6.338613, 0.011139
