Hash_Algo,Seq_Length_n,K_Size,Collision_Count,Execution_Time_sec
FNV1A,10000,5,9412,0.251589
FNV1A,10000,6,7822,0.183008
FNV1A,10000,7,6063,0.223466
FNV1A,100000,5,99149,1.621169
FNV1A,100000,6,97548,1.956622
FNV1A,100000,7,92006,1.846802
FNV1A,1000000,5,999996,18.615940
FNV1A,1000000,6,999279,17.890564
FNV1A,1000000,7,991674,19.272789
