Hash_Algo,Seq_Length_n,K_Size,Collision_Count,Execution_Time_sec
MMH3,10000,5,1024,0.032075
MMH3,10000,6,3731,0.033196
MMH3,10000,7,7418,0.034191
MMH3,100000,5,1024,0.299459
MMH3,100000,6,4096,0.327573
MMH3,100000,7,16347,0.417998
MMH3,1000000,5,1024,3.332394
MMH3,1000000,6,4096,3.416173
MMH3,1000000,7,16384,3.319239
